old_hashnode_url,new_url,title,hashnode_cuid
https://sukalyanroy.hashnode.dev/learning-how-to-use-vim,https://sukalyan2003.github.io/blog/learning-how-to-use-vim/,Learning how to use Vim,clt5fdooe00030al2br59gryp
https://sukalyanroy.hashnode.dev/basics-of-shell-scripting,https://sukalyan2003.github.io/blog/basics-of-shell-scripting/,Basics of Shell scripting,clufq6ixq000108l654wyaf3a
https://sukalyanroy.hashnode.dev/exploring-pointers,https://sukalyan2003.github.io/blog/exploring-pointers/,Exploring Pointers,clugzn5nu000808l49fxi74eo
https://sukalyanroy.hashnode.dev/cs50-my-experience,https://sukalyan2003.github.io/blog/cs50-my-experience/,CS50 My experience,cluif2s8t000608lf5f5m0vyg
https://sukalyanroy.hashnode.dev/my-first-command-line-program,https://sukalyan2003.github.io/blog/my-first-command-line-program/,My first Command Line program,clujuj1ic000f08lcbpdhe7c4
https://sukalyanroy.hashnode.dev/understanding-neural-networks,https://sukalyan2003.github.io/blog/understanding-neural-networks/,Understanding Neural Networks,cm48ftt36000k09l027ip7pix
https://sukalyanroy.hashnode.dev/what-even-are-llms,https://sukalyan2003.github.io/blog/what-even-are-llms/,What even are LLMs?,cm4ifys3b000i0amn0f5qdulw
https://sukalyanroy.hashnode.dev/process-synchronization-in-linux,https://sukalyan2003.github.io/blog/process-synchronization-in-linux/,Process Synchronization in Linux,cmk6wymgk000002jv0hwl17rq
https://sukalyanroy.hashnode.dev/nand2tetris-part-1-hardware,https://sukalyan2003.github.io/blog/nand2tetris-part-1-hardware/,Nand2Tetris Part 1: Hardware,cmkgx259h000902jrdx1jebd5
https://sukalyanroy.hashnode.dev/using-vibecoding-to-learn,https://sukalyan2003.github.io/blog/using-vibecoding-to-learn/,Using vibecoding to learn,cmktvk4tq000002l7d8128mhc
https://sukalyanroy.hashnode.dev/what-comes-after-cs50x-discover-cs50-ai,https://sukalyan2003.github.io/blog/what-comes-after-cs50x-discover-cs50-ai/,What Comes After CS50x? Discover CS50 AI,cmocg71n5002w1qiad71ihi05
https://sukalyanroy.hashnode.dev/what-comes-after-cs50x-discover-cs50-ai-2,https://sukalyan2003.github.io/blog/what-comes-after-cs50x-discover-cs50-ai-2/,What Comes After CS50x? Discover CS50 AI - 2,cmonvdpr200i91qjc70bt1ml7
https://sukalyanroy.hashnode.dev/transforming-chatbot-interactions-with-retrieval-augmented-generation,https://sukalyan2003.github.io/blog/transforming-chatbot-interactions-with-retrieval-augmented-generation/,Transforming Chatbot Interactions with Retrieval Augmented Generation,cmoygd25c01gm2em7616ybi5i
https://sukalyanroy.hashnode.dev/ai-prompt-engineering-basics,https://sukalyan2003.github.io/blog/ai-prompt-engineering-basics/,How I Use AI Coding Agents Without Burning Tokens or Trusting Them Blindly,cmp8gy3b7000n1shx9w2uep9d
https://sukalyanroy.hashnode.dev/what-is-agentic-rag,https://sukalyan2003.github.io/blog/what-is-agentic-rag/,What is Agentic RAG?,cmprv76zm00041sqkejfcbhsr
https://sukalyanroy.hashnode.dev/from-tokens-to-trees,https://sukalyan2003.github.io/blog/from-tokens-to-trees/,From Tokens to Trees,cmq1vtpmy001m1spqbt3mcsx6
https://sukalyanroy.hashnode.dev/adding-rank-fusion-to-my-rag-retrieval-logic,https://sukalyan2003.github.io/blog/adding-rank-fusion-to-my-rag-retrieval-logic/,Adding Rank Fusion to my RAG retrieval logic,cmqlyb15100010bj9aj83ecp8
https://sukalyanroy.hashnode.dev/does-your-system-prompt-actually-do-anything-i-built-an-eval-to-find-out,https://sukalyan2003.github.io/blog/does-your-system-prompt-actually-do-anything-i-built-an-eval-to-find-out/,Does Your System Prompt Actually Do Anything? I Built an Eval to Find Out,cmr5vhem8000009gkd4lh3tp2
https://sukalyanroy.hashnode.dev/one-model-is-the-new-n-1,https://sukalyan2003.github.io/blog/one-model-is-the-new-n-1/,One Model Is the New n=1,cmrfudt2100000akpgann3h9a
https://sukalyanroy.hashnode.dev/vibecoding-hackathons,https://sukalyan2003.github.io/blog/vibecoding-hackathons/,Vibecoding Hackathons?,cmrqdlv4k00000ajjgqzy25g0
https://sukalyanroy.hashnode.dev/history-of-computer-science-in-india-part-2,https://sukalyan2003.github.io/blog/history-of-computer-science-in-india-part-2/,History of computer science in india Part 2,cms75v3jf000009i50d7x7qkr
https://sukalyanroy.hashnode.dev/discovering-rags-4-project-updates-all-the-way,https://sukalyan2003.github.io/blog/discovering-rags-4-project-updates-all-the-way/,Discovering RAGs 4: Project updates all the way,cmsjys1l800000bggar4b6yrb
https://sukalyanroy.hashnode.dev/the-grammar-that-runs-like-a-program,https://sukalyan2003.github.io/blog/the-grammar-that-runs-like-a-program/,The Grammar That Runs Like a Program,cmtnyqfgj00000agm28nz5bbe
https://sukalyanroy.hashnode.dev/the-poet-who-accidentally-invented-binary-sort-of,https://sukalyan2003.github.io/blog/the-poet-who-accidentally-invented-binary-sort-of/,The Poet Who Accidentally Invented Binary (Sort Of),cmtxwl41v00000agmdfyaef1o
https://sukalyanroy.hashnode.dev/the-algorithm-that-grinds-problems-to-dust,https://sukalyan2003.github.io/blog/the-algorithm-that-grinds-problems-to-dust/,The Algorithm That Grinds Problems to Dust,cmu84tvoo00000agm6g1wdf33
https://sukalyanroy.hashnode.dev/the-number-that-shouldn-t-exist,https://sukalyan2003.github.io/blog/the-number-that-shouldn-t-exist/,The Number That Shouldn't Exist,cmui16ak300000agmhf1h7xl5
